City,Lat,Lng,Max Temp,Humidity,Cloudiness,Wind Speed,Country,Date
Edmundston,47.3737,-68.3251,51.13,83,56,8.66,CA,1631358598
Ramon Magsaysay,8.0019,123.5094,75.15,92,92,3.13,PH,1631358618
Az Zabadānī,33.7249,36.1005,81.21,32,0,10.36,SY,1631358619
Fortuna,40.5982,-124.1573,52.72,75,75,0.0,US,1631358620
Saint-Alban,43.7,1.4167,77.09,64,20,3.44,FR,1631358620
Újszász,47.3,20.0833,84.18,34,1,3.27,HU,1631358621
Linton Hall,38.7598,-77.575,58.41,92,1,0.0,US,1631358622
Ayvacık,39.6011,26.4047,77.52,30,0,6.73,TR,1631358623
Itajobi,-21.3181,-49.0544,74.7,46,91,8.57,BR,1631358623
Campomorone,44.5095,8.885,86.07,50,20,1.01,IT,1631358624
El Paisnal,13.9736,-89.2186,70.21,99,95,0.74,SV,1631358625
Kamwenge,0.1866,30.4539,74.03,57,80,2.84,UG,1631358626
Zubia,37.1191,-3.584,85.08,33,0,8.01,ES,1631358626
Piastów,52.1843,20.8395,77.05,47,0,9.22,PL,1631358627
Bastrop,32.7562,-91.8724,60.48,93,0,3.42,US,1631358628
Rafha,29.6343,43.5194,99.95,12,0,11.21,SA,1631358629
Heppenheim,49.6408,8.6372,73.72,78,75,7.0,DE,1631358630
Cape Canaveral,28.4058,-80.6048,75.45,94,1,3.44,US,1631358429
Crowley,30.2141,-92.3746,67.98,91,0,6.53,US,1631358631
Langueux,48.495,-2.7185,67.51,67,40,4.61,FR,1631358632
Silver Springs,29.1044,-82.0206,74.71,92,100,4.61,US,1631358632
North Tustin,33.7645,-117.7939,81.37,76,1,0.0,US,1631358633
Ishimbay,53.4545,56.0415,55.54,42,92,12.62,RU,1631358634
Trebisacce,39.8708,16.5312,69.53,92,100,0.78,IT,1631358635
Morelia,19.7008,-101.1844,54.54,95,100,3.83,MX,1631358446
Smithers,54.7804,-127.1743,46.72,100,90,2.3,CA,1631358636
Farroupilha,-29.225,-51.3478,52.47,89,21,2.15,BR,1631358637
Berlin,52.5244,13.4105,74.95,79,40,8.01,DE,1631358591
Longba,33.6248,105.2945,67.08,77,44,4.59,CN,1631358639
Appley Bridge,53.5778,-2.7209,69.06,69,100,7.0,GB,1631358639
Żurrieq,35.8311,14.4742,85.51,58,20,18.41,MT,1631358640
Tyumen,57.1522,65.5272,42.89,93,90,17.9,RU,1631358641
San Agustín Acasaguastlán,14.95,-89.9667,74.16,98,99,1.39,GT,1631358641
Cartago,4.7464,-75.9117,69.15,97,100,1.81,CO,1631358642
Giporlos,11.12,125.4494,81.41,82,100,4.45,PH,1631358643
Wilmington Manor,39.6868,-75.5844,58.68,83,1,0.0,US,1631358644
Kralupy nad Vltavou,50.2411,14.3115,78.69,82,20,5.75,CZ,1631358644
Siliguri,26.7,88.4333,93.29,59,40,2.3,IN,1631358645
Pollenza,43.266,13.3479,82.89,63,60,9.84,IT,1631358646
Kandern,47.7167,7.6667,74.5,71,75,1.01,DE,1631358647
Arden Hills,45.0502,-93.1566,66.36,88,1,1.99,US,1631358647
Hewlett,40.6432,-73.6957,64.35,74,20,3.44,US,1631358648
Topola,44.2542,20.6825,79.88,17,0,6.98,RS,1631358649
Simi Valley,34.2695,-118.7815,80.44,66,0,1.3,US,1631358650
San Juan,-31.5375,-68.5364,55.2,31,3,4.81,AR,1631358651
Boscoreale,40.7756,14.4994,85.64,54,100,1.39,IT,1631358651
Ambanja,-13.6833,48.45,86.4,48,13,10.2,MG,1631358652
Dnestrovsc,46.6222,29.9133,82.76,24,100,7.96,MD,1631358653
Urumita,10.5589,-73.0123,73.18,87,100,3.67,CO,1631358653
Puquio,-14.7,-74.1333,45.84,63,80,1.74,PE,1631358654
Ingeniero Guillermo N. Juárez,-23.9,-61.85,57.33,47,0,5.35,AR,1631358655
Haapajärvi,63.75,25.3333,56.44,96,100,3.62,FI,1631358656
Los Alcázares,37.7443,-0.8504,89.76,56,0,4.61,ES,1631358657
Bahía Blanca,-38.7196,-62.2724,50.63,82,37,8.25,AR,1631358657
Guapó,-16.8306,-49.5319,73.78,50,44,7.87,BR,1631358426
Hardenberg,52.5758,6.6194,67.93,87,100,5.01,NL,1631358489
Pinabacdao,11.614,124.9845,78.3,88,100,2.17,PH,1631358659
Lafia,8.4833,8.5167,84.79,70,92,3.96,NG,1631358491
Bury,53.6,-2.3,68.36,80,100,12.06,GB,1631358661
East Massapequa,40.6734,-73.4365,64.38,89,1,3.0,US,1631358638
Catherinas Lust,6.4,-57.6,79.52,85,32,7.72,GY,1631358662
Eccleston,53.45,-2.7833,68.52,76,20,3.0,GB,1631358399
Papillion,41.1544,-96.0422,70.43,94,1,3.0,US,1631358663
Brampton,43.6834,-79.7663,63.36,76,100,1.01,CA,1631358664
Rubio,7.7013,-72.3557,76.05,93,99,4.29,VE,1631358665
Rockville Centre,40.6587,-73.6412,64.31,76,20,3.44,US,1631358666
Sheffield Lake,41.4875,-82.1015,62.78,80,1,4.0,US,1631358667
Kratovo,42.0792,22.1814,75.79,24,52,6.6,MK,1631358667
Sremska Mitrovica,44.9764,19.6122,87.19,30,0,3.78,RS,1631358668
Kozani,40.3011,21.7864,77.99,31,20,5.75,GR,1631358545
Muro del Alcoy,38.7812,-0.4361,85.39,57,49,3.0,ES,1631358669
Senador Pompeu,-5.5881,-39.3717,81.45,56,33,6.31,BR,1631358670
Sopron,47.685,16.5905,78.06,32,10,4.0,HU,1631358671
Herne,51.55,7.2167,71.26,79,62,1.01,DE,1631358672
Lavumisa,-27.31,31.892,84.47,21,0,11.03,SZ,1631358672
Denkendorf,48.6955,9.3168,73.94,70,75,5.01,DE,1631358673
Ulricehamn,57.7916,13.4142,65.91,80,100,4.14,SE,1631358674
Homer,59.6425,-151.5483,51.8,83,1,3.44,US,1631358675
Rwamagana,-1.9487,30.4347,71.04,30,95,4.81,RW,1631358676
Marineo,37.95,13.4169,75.7,57,39,7.4,IT,1631358677
Collecorvino,42.4589,14.0152,83.03,61,20,8.05,IT,1631358677
Burlington,39.8835,-74.6413,61.72,100,1,0.0,US,1631358678
Fockbek,54.3,9.6,69.71,67,75,3.0,DE,1631358679
Kuriyama,43.0517,141.8152,66.09,94,49,8.81,JP,1631358680
San Luis,-33.295,-66.3356,56.19,46,56,13.51,AR,1631358680
Ciudad Choluteca,13.3003,-87.1908,73.87,93,100,1.63,HN,1631358681
Zoumi,34.8032,-5.3446,88.21,29,1,4.81,MA,1631358682
Raychikhinsk,49.7838,129.4121,51.33,80,80,7.38,RU,1631358682
Tarim,16.0569,48.9989,106.9,8,87,14.83,YE,1631358683
Coristanco,43.2,-8.75,72.09,56,100,0.65,ES,1631358684
Gujō,35.7369,136.9585,69.8,94,99,4.74,JP,1631358684
Shalya,57.2471,58.7298,47.93,59,93,14.0,RU,1631358685
Glendale,33.5387,-112.186,88.61,48,20,4.0,US,1631358508
Zacualpa,15.0833,-90.8333,58.37,97,95,2.13,GT,1631358686
Adelaide,-34.9333,138.6,59.22,73,75,5.01,AU,1631358688
Gladenbach,50.7667,8.5667,69.71,79,87,8.21,DE,1631358688
Kislovodsk,43.9133,42.7208,67.64,74,87,11.81,RU,1631358689
Charallave,10.2425,-66.8572,76.96,93,42,1.9,VE,1631358690
Mafikeng,-25.8652,25.6442,76.39,17,0,10.4,ZA,1631358691
Budaörs,47.4618,18.9585,83.43,34,11,2.57,HU,1631358691
Obernkirchen,52.2721,9.1291,69.57,76,89,11.5,DE,1631358692
Chalcis,38.4636,23.5994,86.63,46,2,1.23,GR,1631358693
"Guinayangan, Fourth District of Quezon",13.9006,122.4519,79.57,88,100,6.67,PH,1631358693
Conakry,9.538,-13.6773,79.36,79,97,9.69,GN,1631358694
Eldersburg,39.4037,-76.9503,58.66,85,0,1.01,US,1631358695
Santiago Amoltepec,16.6397,-97.4969,56.12,94,100,5.59,MX,1631358696
Langelsheim,51.9333,10.3333,71.33,78,56,10.71,DE,1631358696
Pershore,52.1116,-2.0759,70.93,68,100,5.01,GB,1631358697
Semara,27.0026,85.0357,88.54,65,100,6.55,NP,1631358698
Himmelpforten,53.6141,9.3052,70.27,73,44,12.93,DE,1631358699
San Sebastiano al Vesuvio,40.8445,14.3676,84.38,40,20,8.05,IT,1631358699
Santa Maria,-29.6842,-53.8069,54.7,81,3,1.52,BR,1631358700
Bansang,13.4333,-14.65,83.35,69,74,8.01,GM,1631358701
St Helens,53.45,-2.7333,69.04,76,20,3.0,GB,1631358702
Izumo,35.3667,132.7667,72.77,88,98,2.33,JP,1631358703
La Santisima Trinidad,-14.8333,-64.9,69.33,55,58,1.9,BO,1631358518
Gorom-Gorom,14.4439,-0.2361,91.71,43,93,2.73,BF,1631358704
Wichian Buri,15.6578,101.106,78.46,90,74,8.86,TH,1631358705
Belén de Umbría,5.2009,-75.8687,61.45,99,99,0.87,CO,1631358705
Arrondissement de Langres,47.8333,5.3333,67.05,69,53,3.87,FR,1631358706
Massa Marittima,43.049,10.8928,86.34,32,46,1.32,IT,1631358707
Lagodekhi,41.8268,46.2767,79.75,46,0,5.3,GE,1631358708
Yazykovo,55.2199,56.1353,55.56,36,93,17.11,RU,1631358709
Villabona,43.1854,-2.053,80.6,68,69,3.22,ES,1631358710
Platte City,39.3703,-94.7825,75.02,75,1,9.22,US,1631358710
Butler,39.4501,-84.5666,61.11,86,1,3.44,US,1631358711
Leavenworth,39.2333,-95.0336,74.25,80,0,1.99,US,1631358712
Bataysk,47.1398,39.7518,81.99,22,20,11.88,RU,1631358713
Uelzen,52.9667,10.5667,75.61,77,60,10.67,DE,1631358713
San Carlos,9.6612,-68.5827,71.8,90,94,2.01,VE,1631358714
Country Club,25.9482,-80.317,78.98,92,1,0.0,US,1631358710
Vlašim,49.7063,14.8988,77.22,60,95,6.38,CZ,1631358489
Christchurch,-43.5333,172.6333,47.91,84,81,3.0,NZ,1631358716
Faßberg,52.9,10.1667,72.9,82,65,9.22,DE,1631358717
Neutraubling,48.9833,12.2,70.86,77,100,4.38,DE,1631358718
Karumba,-17.4833,140.8333,77.72,68,3,8.57,AU,1631358719
Hobbs,32.7026,-103.136,69.67,63,90,0.0,US,1631358720
Escoublac,47.2947,-2.3596,70.97,61,0,3.44,FR,1631358721
San Ricardo,15.5959,120.9727,75.25,98,100,6.38,PH,1631358721
Rottenmann,47.5167,14.35,69.37,69,76,4.38,AT,1631358722
Serra Negra,-22.6122,-46.7006,61.11,71,96,2.01,BR,1631358723
Pakenham,-38.0667,145.4833,61.2,74,100,1.99,AU,1631358724
Al Fayd,30.615,-8.2147,95.25,13,3,5.14,MA,1631358724
Robbinsdale,45.0322,-93.3386,66.61,88,1,3.44,US,1631358725
Kanungu,-0.9575,29.7897,75.9,41,82,3.06,UG,1631358726
Ustyuzhna,58.8394,36.4321,56.59,79,91,7.31,RU,1631358727
Volvera,44.9548,7.5114,84.56,42,7,5.01,IT,1631358727
Briton Ferry,51.6311,-3.819,67.8,69,91,1.01,GB,1631358728
Tolú,9.5239,-75.5814,75.9,93,100,11.43,CO,1631358729
Carpi,44.7824,10.8777,84.94,35,95,3.38,IT,1631358729
Campo Redondo,-6.2414,-36.1825,76.6,54,8,15.61,BR,1631358730
Givors,45.5833,4.7667,75.52,59,5,5.82,FR,1631358731
General Carneiro,-26.4275,-51.3156,52.61,66,30,0.74,BR,1631358731
DuPont,47.0968,-122.6312,60.03,89,75,6.91,US,1631358732
Northbrook,42.1275,-87.8289,66.83,78,1,8.05,US,1631358733
Hayes,51.5158,-0.4234,71.65,73,40,11.5,GB,1631358734
Bous,49.2833,6.8,71.26,80,68,6.64,DE,1631358734
Großmehring,48.7667,11.5333,70.83,73,92,2.3,DE,1631358735
Vladičin Han,42.7078,22.0633,82.33,21,14,6.53,RS,1631358736
Eaubonne,48.9971,2.2825,72.37,65,20,11.5,FR,1631358737
Sawley,53.9143,-2.3414,68.05,81,100,14.52,GB,1631358737
Waltham,42.3765,-71.2356,55.94,86,1,1.01,US,1631358738
Sečovce,48.7007,21.661,77.0,28,31,1.79,SK,1631358739
Province of Ragusa,36.9167,14.6,79.12,65,75,10.36,IT,1631358740
Zarand,30.8127,56.564,84.65,10,0,14.58,IR,1631358740
Voreppe,45.2948,5.6332,76.87,76,4,4.74,FR,1631358741
Girifalco,38.8243,16.4241,69.89,73,75,17.27,IT,1631358742
Klyuchi,52.2667,79.1667,54.43,87,100,13.96,RU,1631358742
Xiwanzi,40.9714,115.2725,64.51,70,0,5.82,CN,1631358744
Sopela,43.3789,-2.9831,85.8,59,0,1.01,ES,1631358744
Otranto,40.1478,18.4859,74.37,60,89,8.9,IT,1631358745
Gattaran,18.0557,121.641,73.96,97,100,8.61,PH,1631358746
San Rafael,-34.6177,-68.3301,51.73,56,76,4.38,AR,1631358580
Americana,-22.7392,-47.3314,69.42,69,93,3.96,BR,1631358537
Ipixuna,-1.7625,-48.8043,78.75,80,7,5.91,BR,1631358748
Inverness,57.4791,-4.224,62.8,84,75,5.01,GB,1631358749
Mergen,49.1833,125.2167,49.37,90,22,5.88,CN,1631358750
Beltsville,39.0348,-76.9075,59.95,94,1,1.01,US,1631358751
New Holland,40.1018,-76.0852,56.68,91,1,0.0,US,1631358752
San Marcos,33.1434,-117.1661,77.11,83,1,0.0,US,1631358733
Pingdingshan,33.7385,113.3012,82.02,57,0,6.51,CN,1631358753
Bridlington,54.0831,-0.1919,70.14,71,98,14.67,GB,1631358753
Saint-Ouen-l'Aumône,49.0435,2.1213,72.61,68,75,9.22,FR,1631358754
Gemeente Druten,51.8833,5.6,68.29,86,100,7.0,NL,1631358755
Concord,37.978,-122.0311,63.05,82,1,1.01,US,1631358618
Barabash,43.2,131.4833,67.68,96,45,3.15,RU,1631358756
Litzendorf,49.9144,11.0103,71.78,76,97,5.77,DE,1631358757
Carmo da Cachoeira,-21.4608,-45.2236,71.69,69,100,3.78,BR,1631358758
Orsett,51.5125,0.3531,72.14,75,94,10.16,GB,1631358759
Selma,36.5708,-119.6121,73.45,58,1,3.44,US,1631358759
Twinsburg,41.3126,-81.4401,61.47,87,1,0.0,US,1631358760
Flat Rock,42.0964,-83.2919,65.12,76,1,6.91,US,1631358761
Vecpiebalga,57.0599,25.8127,71.49,56,28,7.94,LV,1631358761
Stornarella,41.2572,15.7314,70.25,40,100,8.01,IT,1631358762
Dickson,36.077,-87.3878,62.8,94,90,3.44,US,1631358763
Beya,53.0533,90.9139,57.18,53,100,6.46,RU,1631358764
Columbia,34.0007,-81.0348,59.9,94,1,1.99,US,1631358738
Mono,37.9166,-118.8676,50.59,64,0,5.66,US,1631358765
Renwick,-41.5,173.8333,45.66,87,66,5.03,NZ,1631358765
Palm Beach,26.6503,-80.4498,76.98,97,83,2.15,US,1631358766
Utley,53.8667,-1.9167,66.72,78,40,7.0,GB,1631358767
Titusville,28.6122,-80.8075,77.0,92,40,0.0,US,1631358768
Maracaí,-22.6106,-50.6672,66.47,68,97,7.9,BR,1631358768
Preveza,38.95,20.75,80.51,57,20,8.05,GR,1631358749
Alagoa Grande,-7.1583,-35.63,75.56,59,70,12.88,BR,1631358769
Ingá,-7.2808,-35.6044,77.9,57,72,13.06,BR,1631358770
Zhukovka,53.534,33.728,71.87,45,82,4.99,RU,1631358771
Gänserndorf,48.3392,16.7202,82.02,54,10,2.93,AT,1631358772
Stadthagen,52.3233,9.2031,70.7,75,86,11.5,DE,1631358773
San Juan de Urabá,8.7592,-76.5297,74.1,95,100,8.34,CO,1631358773
Stroud,51.75,-2.2,71.11,63,40,8.05,GB,1631358774
Jever,53.5833,7.9,68.23,94,75,10.36,DE,1631358775
Kasur,31.1156,74.4467,78.91,52,76,6.93,PK,1631358776
Uiwang,37.3449,126.969,76.32,75,0,3.27,KR,1631358777
Hato Mayor,18.7629,-69.256,74.71,94,1,3.65,DO,1631358777
Lappeenranta,61.0587,28.1887,60.85,88,75,5.75,FI,1631358778
Spinazzola,40.9671,16.0916,74.32,49,100,9.35,IT,1631358779
Matam,15.6175,-13.3303,88.0,54,84,9.44,SN,1631358780
Bruguières,43.7272,1.4076,77.09,64,20,3.44,FR,1631358780
Ciudad Manuel Doblado,20.7333,-101.9333,56.35,92,53,4.14,MX,1631358782
Bonnyrigg,55.8733,-3.1051,66.83,80,75,5.01,GB,1631358783
Heanor,53.0137,-1.3538,70.75,78,100,3.0,GB,1631358784
Fartura,-23.3883,-49.51,64.31,77,98,4.97,BR,1631358784
Hluboká nad Vltavou,49.0523,14.4343,77.31,62,27,4.29,CZ,1631358785
Coconut Creek,26.2518,-80.1789,76.98,92,1,0.0,US,1631358786
Cazzago San Martino,45.5938,10.0419,80.6,69,100,1.01,IT,1631358787
Arrondissement de Dinan,48.4167,-2.25,67.41,62,39,6.73,FR,1631358787
Candiota,-31.5581,-53.6725,53.31,100,88,3.06,BR,1631358788
Álvaro de Carvalho,-22.0892,-49.7189,66.61,65,76,7.65,BR,1631358789
São Caetano do Sul,-23.6231,-46.5511,66.52,85,0,3.0,BR,1631358790
Strathmore,51.0501,-113.3852,53.87,94,100,7.87,CA,1631358790
Lomas del Mirador,-34.666,-58.5245,57.94,85,90,1.99,AR,1631358791
Croxley Green,51.6508,-0.4455,71.96,74,40,1.99,GB,1631358792
Pisa,43.7155,10.3966,89.8,36,0,5.75,IT,1631358793
Novo Horizonte,-21.4681,-49.2208,73.54,49,80,8.59,BR,1631358793
Cottage Grove,44.8277,-92.9438,66.65,90,1,0.0,US,1631358794
Washington,47.5001,-120.5015,56.57,79,42,5.59,US,1631358648
Westmount,45.4834,-73.5992,58.89,80,60,5.88,CA,1631358795
Castel San Giovanni,45.0583,9.4335,85.8,32,55,4.07,IT,1631358796
Gemeente Boxtel,51.5833,5.3167,69.26,82,90,10.36,NL,1631358797
Lawrenceville,33.9562,-83.988,61.68,92,40,0.0,US,1631358550
Guadalajara de Buga,3.9009,-76.2978,65.91,93,100,1.83,CO,1631358799
Blaenavon,51.774,-3.0854,65.39,68,86,10.85,GB,1631358800
Braine-l'Alleud,50.6836,4.3678,67.05,87,99,1.99,BE,1631358801
Rajahmundry,16.9833,81.7833,84.43,79,90,10.36,IN,1631358801
La Huacana,18.9667,-101.8167,68.25,80,97,4.03,MX,1631358802
Estes Park,40.3772,-105.5217,65.8,36,88,1.01,US,1631358778
St. Michael,47.1278,16.2697,80.17,30,19,2.62,AT,1631358803
Plainview,40.7765,-73.4673,63.86,87,1,0.0,US,1631358804
Buchrain,47.086,8.3462,77.0,65,0,0.0,CH,1631358805
Herbignac,47.4482,-2.3181,71.19,60,0,3.44,FR,1631358807
Forest Lake,45.2789,-92.9852,66.45,90,51,7.7,US,1631358807
Arrondissement de Nice,44.0,7.25,69.55,35,10,6.85,FR,1631358665
Lanett,32.8687,-85.1905,67.59,100,1,0.0,US,1631358808
Pornichet,47.2668,-2.3379,71.29,61,0,3.44,FR,1631358809
Pullach im Isartal,48.0612,11.5215,69.98,71,40,3.0,DE,1631358810
Mayate,8.4033,-12.3644,79.56,83,99,3.85,SL,1631358811
Roetgen,50.65,6.2,68.94,77,33,5.01,DE,1631358812
Silver Spring,38.9907,-77.0261,59.18,92,1,0.0,US,1631358574
Tengzhou,35.0771,117.1518,78.3,78,1,5.48,CN,1631358813
Almenno San Bartolomeo,45.7427,9.5823,80.08,54,0,4.61,IT,1631358745
Pushkar,26.5,74.55,81.43,78,100,9.57,IN,1631358814
Dalhart,36.0595,-102.5133,72.39,27,73,12.68,US,1631358815
Xaçmaz,41.4635,48.806,78.6,42,0,8.88,AZ,1631358816
Isil'kul',54.9109,71.2728,50.81,51,94,17.96,RU,1631358816
Milan,45.4643,9.1895,84.09,48,0,1.01,IT,1631358600
Oshnavīyeh,37.0397,45.0983,88.29,10,0,5.91,IR,1631358818
Benslimane,33.5,-7.1667,81.75,30,0,3.58,MA,1631358819
Cébazat,45.834,3.1005,73.06,53,40,3.44,FR,1631358820
Wangen bei Olten,47.3421,7.8716,74.03,64,9,3.06,CH,1631358820
Orahovac,42.3994,20.6547,81.54,25,87,4.16,XK,1631358821
Akhalts'ikhe,41.639,42.9826,74.39,60,9,8.55,GE,1631358822
Hawick,55.4227,-2.7867,67.12,86,100,11.16,GB,1631358822
Mata de São João,-12.5303,-38.2992,74.95,73,51,2.73,BR,1631358823
Drochia,48.035,27.8161,78.6,23,87,5.12,MD,1631358825
Hong Kong,22.2855,114.1577,89.65,82,29,1.01,HK,1631358667
Burshtyn,49.2587,24.6278,73.81,36,100,3.8,UA,1631358826
Mahibadhoo,3.7833,72.9667,83.37,69,100,9.28,MV,1631358827
Waterbury,41.5582,-73.0515,56.21,80,1,0.0,US,1631358598
Ocean Bluff-Brant Rock,42.1023,-70.6574,60.03,90,1,6.91,US,1631358829
Lancaster,40.2504,-76.2499,56.48,96,1,0.0,US,1631358676
Pedro Carbo,-1.8333,-80.2333,71.2,83,100,5.5,EC,1631358830
Usurbil,43.2715,-2.0481,80.98,68,67,1.99,ES,1631358831
Haslingden,53.7033,-2.3238,66.09,85,100,7.0,GB,1631358832
Neu Bleckede,53.3004,10.7441,71.62,71,47,11.16,DE,1631358832
Ostellato,44.7457,11.9435,85.28,40,100,5.41,IT,1631358833
Yaring,6.8662,101.3689,82.36,76,100,7.31,TH,1631358834
Ciudad Constitución,25.0369,-111.6644,75.83,91,99,6.46,MX,1631358835
Chernyshevskiy,63.0128,112.4714,53.1,69,100,3.87,RU,1631358835
Euclid,41.5931,-81.5268,62.69,80,1,5.75,US,1631358836
Kayes,14.0,-11.0,83.12,68,45,7.09,ML,1631358837
Casteldaccia,38.0526,13.5287,81.16,57,40,1.54,IT,1631358838
Hechi,24.7,107.8667,81.18,79,22,0.25,CN,1631358563
Salto Grande,-22.8928,-49.9856,64.96,78,95,5.75,BR,1631358839
Tatuí,-23.3556,-47.8569,68.65,72,93,3.38,BR,1631358638
Lenart v Slov. Goricah,46.5761,15.8314,80.17,50,20,3.44,SI,1631358841
Giohar,2.7809,45.5005,92.39,38,58,24.25,SO,1631358841
Mably,46.0862,4.0661,79.0,59,28,4.09,FR,1631358842
Maniago,46.1706,12.7078,80.56,53,41,3.83,IT,1631358843
Nohfelden,49.5869,7.1428,67.91,92,98,6.87,DE,1631358844
Tizi-n-Tleta,36.5457,4.0571,83.61,35,7,5.99,DZ,1631358844
Mandelieu-la-Napoule,43.5456,6.938,88.16,38,0,6.91,FR,1631358845
Grabels,43.648,3.7986,82.38,50,0,4.61,FR,1631358846
Santa Fe,-31.6333,-60.7,55.99,85,3,4.0,AR,1631358846
Santa Teresita,13.8664,120.9814,77.13,87,100,0.58,PH,1631358848
Bad Hofgastein,47.1667,13.1,77.58,77,71,1.01,AT,1631358848
Florange,49.3237,6.1212,71.85,73,81,5.01,FR,1631358849
Volpago del Montello,45.7773,12.1144,81.9,50,0,3.44,IT,1631358850
Harvey,38.05,-97.4336,69.73,72,1,5.01,US,1631358851
Yeniseysk,58.4497,92.1703,51.13,86,100,4.76,RU,1631358851
Induno Olona,45.848,8.8366,80.89,54,0,3.44,IT,1631358852
Écublens,46.529,6.5626,76.8,75,19,0.51,CH,1631358853
Colona,41.4839,-90.3532,66.61,81,1,0.0,US,1631358854
Voorhees,39.8512,-74.962,58.62,92,1,0.0,US,1631358855
Sawmills,35.8248,-81.4745,59.88,92,1,3.44,US,1631358856
Freudenstadt,48.4333,8.4167,68.43,64,41,5.32,DE,1631358856
Discovery Bay,37.9085,-121.6002,64.4,77,0,4.05,US,1631358629
Barclayville,4.6797,-8.2339,85.89,63,92,1.88,LR,1631358858
Saint-Gervais-les-Bains,45.8929,6.7138,73.02,62,27,4.41,FR,1631358858
Uspantán,15.3833,-90.8333,56.26,98,100,3.18,GT,1631358859
Patnongon,10.9132,121.9937,80.8,81,99,2.08,PH,1631358860
Bergenfield,40.9276,-73.9974,62.85,82,1,0.0,US,1631358861
White Marsh,39.3837,-76.4322,60.19,96,1,0.0,US,1631358861
Barton,38.4667,-98.767,73.15,63,1,10.36,US,1631358862
Benton,36.3334,-94.3335,71.51,70,1,5.75,US,1631358863
Dessie,11.1333,39.6333,67.46,57,82,5.91,ET,1631358863
Altofonte,38.042,13.2962,76.98,80,54,8.88,IT,1631358864
Oryol,52.9658,36.0803,71.92,49,99,5.12,RU,1631358865
Ozoir-la-Ferrière,48.767,2.6687,71.76,63,75,9.22,FR,1631358866
Belëv,53.8119,36.1319,68.95,60,100,4.65,RU,1631358866
Yunshan,34.7,119.3667,76.35,92,1,9.22,CN,1631358867
Coqueiral,-21.1894,-45.4406,72.63,68,100,3.94,BR,1631358868
Elverum,60.8819,11.5623,62.6,68,99,4.47,NO,1631358868
Sarmakovo,43.7456,43.2003,69.1,68,88,9.35,RU,1631358869
Carolina,18.3808,-65.9574,82.76,83,40,0.0,PR,1631358870
Isaías Coelho,-7.7378,-41.6761,82.44,43,1,10.38,BR,1631358871
Edemissen,52.387,10.2614,71.56,57,64,12.5,DE,1631358871
Ellicott City,39.2673,-76.7983,60.13,91,20,5.75,US,1631358605
Girvan,55.2426,-4.8555,63.32,98,100,11.48,GB,1631358873
Shihezi,44.3,86.0333,77.58,27,0,10.71,CN,1631358873
Caldwell,43.6629,-116.6874,58.51,97,1,3.44,US,1631358874
Nallıhan,40.1859,31.3518,71.67,45,82,7.02,TR,1631358875
Consolacion,10.3667,123.95,78.48,87,100,4.99,PH,1631358875
Chapultenango,17.3167,-93.1167,65.5,98,100,1.66,MX,1631358876
Surfside,25.8784,-80.1256,79.0,90,1,0.0,US,1631358877
Toyota,35.0833,137.15,78.19,78,89,0.43,JP,1631358878
Chicago Heights,41.5061,-87.6356,66.74,79,1,5.75,US,1631358712
Priolo Gargallo,37.1572,15.1802,83.68,65,41,5.17,IT,1631358879
Longkeng,27.5891,106.8547,76.68,77,93,6.35,CN,1631358879
Veranópolis,-28.9361,-51.5494,53.53,86,11,1.3,BR,1631358880
Avrig,45.7167,24.3833,74.05,27,50,3.91,RO,1631358881
Carnforth,54.1167,-2.7667,67.01,87,100,3.0,GB,1631358882
Sprendlingen,49.8667,7.9833,71.91,90,41,9.33,DE,1631358882
Swampscott,42.4709,-70.9175,55.85,85,1,1.01,US,1631358884
Colleyville,32.881,-97.155,73.18,63,1,1.01,US,1631358838
Panama City,8.9936,-79.5197,78.75,92,40,1.14,PA,1631358710
Amapá,1.0,-52.0,75.7,82,34,3.67,BR,1631358885
Jiaojiazhuang,35.8493,103.068,73.36,35,8,6.24,CN,1631358886
Sátoraljaújhely,48.4,21.6667,77.25,25,32,2.51,HU,1631358887
Ciudad de Atlixco,18.9667,-98.4667,53.47,73,94,7.85,MX,1631358888
Oelwein,42.6733,-91.9135,60.42,94,4,5.79,US,1631358889
Solsona,41.994,1.5171,77.92,48,19,6.44,ES,1631358889
Moeiwadi,16.3894,104.1572,77.09,93,100,5.59,TH,1631358890
Cacoal,-11.4386,-61.4472,76.33,73,32,1.41,BR,1631358891
Mios,44.6049,-0.9333,81.48,53,0,8.05,FR,1631358892
Orono,44.8831,-68.672,56.77,85,20,6.91,US,1631358660
Ascea,40.1416,15.1858,79.77,81,100,1.72,IT,1631358893
San Fernando,15.0286,120.6898,77.14,96,100,3.15,PH,1631358894
Palatka,29.6486,-81.6376,76.98,81,100,3.69,US,1631358895
Delfinópolis,-20.3439,-46.8539,77.32,55,85,4.43,BR,1631358896
Sabon Birni,12.1829,7.933,88.72,50,100,2.28,NG,1631358896
Dalmine,45.6493,9.604,81.16,51,0,4.61,IT,1631358897
Kahaluu-Keauhou,19.5718,-155.9617,78.42,87,100,1.99,US,1631358898
La Ferté-Macé,48.59,-0.358,66.52,50,20,6.6,FR,1631358898
Hulyaypole,47.6653,36.2578,81.5,24,71,9.8,UA,1631358900
Careaçu,-22.0431,-45.6992,71.55,73,99,0.92,BR,1631358901
Sint-Martens-Lennik,50.8116,4.1697,67.42,86,100,11.68,BE,1631358901
Rivolta d'Adda,45.4702,9.5115,82.35,49,0,4.61,IT,1631358905
Longyan,25.1072,117.0225,81.0,73,51,3.91,CN,1631358907
Holešov,49.3333,17.5783,80.17,49,5,5.86,CZ,1631358907
Macon,39.8667,-88.9668,67.86,77,1,11.5,US,1631358908
Pilar,-9.5972,-35.9567,80.53,69,79,6.51,BR,1631358909
Lagonglong,8.8072,124.7903,80.89,78,99,1.5,PH,1631358910
Springfield,37.2153,-93.2982,72.03,80,1,7.0,US,1631358261
Brugine,45.2966,11.9951,82.02,50,95,4.0,IT,1631358911
Galliano,29.4422,-90.2992,73.99,73,1,4.61,US,1631358912
Bobingen,48.2667,10.8333,70.65,77,75,10.36,DE,1631358912
Newton,42.337,-71.2092,56.16,86,1,1.01,US,1631358789
Capdepera,39.7026,3.4336,87.57,60,12,5.12,ES,1631358914
Borehamwood,51.6547,-0.2776,71.01,74,40,1.01,GB,1631358914
Hot Springs Village,34.6655,-93.01,65.86,86,0,3.24,US,1631358915
Juvisy-sur-Orge,48.6833,2.3833,72.59,62,40,8.05,FR,1631358916
Qina,26.1642,32.7267,98.91,12,0,15.41,EG,1631358916
Ílhavo,40.5999,-8.6673,82.9,58,100,1.57,PT,1631358917
Qahderījān,32.5767,51.455,88.75,10,0,6.78,IR,1631358918
Teplodar,46.5059,30.3252,82.04,26,100,8.12,UA,1631358919
Kamen'-Rybolov,44.7481,132.0403,58.87,91,95,3.91,RU,1631358919
Rosate,45.3529,9.0172,84.42,48,61,3.0,IT,1631358920
Warburg,51.5,9.1667,70.66,61,43,10.83,DE,1631358921
Vandœuvre-lès-Nancy,48.65,6.1833,71.78,61,75,8.05,FR,1631358921
Valderrama,11.4059,122.0837,80.76,79,100,6.38,PH,1631358922
Solotvyno,47.946,23.8703,72.19,43,98,3.2,UA,1631358923
Feldkirchen bei Graz,46.9967,15.4526,77.32,51,20,3.44,AT,1631358924
Port Macquarie,-31.4333,152.9167,55.36,78,0,7.29,AU,1631358849
Giv‘atayim,32.0697,34.8117,84.33,54,40,16.11,IL,1631358925
Catonsville,39.272,-76.7319,59.16,92,20,5.75,US,1631358926
Hazel Dell,45.6715,-122.6629,60.17,85,75,0.0,US,1631358813
Hoktember,40.1321,44.0097,88.27,20,0,9.28,AM,1631358927
Novaci,45.1833,23.6667,75.6,29,80,5.61,RO,1631358928
Union Beach,40.4465,-74.1782,63.18,88,1,1.01,US,1631358929
Frecheirinha,-3.76,-40.8164,80.8,66,66,8.77,BR,1631358930
Lumbayanague,7.7825,124.28,70.16,91,100,2.73,PH,1631358930
Gemeente Naarden,52.2833,5.15,68.22,93,100,8.99,NL,1631358931
Giurgiu,43.8833,25.9667,86.59,17,20,5.26,RO,1631358932
San Javier,37.8063,-0.8374,89.8,61,0,7.0,ES,1631358932
Havelock,34.8791,-76.9013,65.95,92,0,4.34,US,1631358933
Schinnen,50.9433,5.8889,70.16,74,75,5.99,NL,1631358934
Stung Treng,13.5259,105.9683,75.13,98,100,6.58,KH,1631358935
Laguna Larga,-31.7765,-63.801,51.85,70,7,9.17,AR,1631358935
Bretzfeld,49.1794,9.4383,75.13,76,91,8.39,DE,1631358936
Bexley,39.9689,-82.9377,57.72,93,1,0.0,US,1631358937
Bunde,53.1833,7.2667,67.96,91,90,13.2,DE,1631358937
Sales Oliveira,-20.7719,-47.8381,71.29,56,84,7.56,BR,1631358938
Sumé,-7.6717,-36.88,74.08,57,19,15.84,BR,1631358939
Utrera,37.1852,-5.7809,88.56,33,0,2.3,ES,1631358939
Fairmount,43.0473,-76.2385,58.55,93,75,1.99,US,1631358718
Mali Zvornik,44.3734,19.1065,81.72,30,0,5.53,RS,1631358941
Isangel,-19.55,169.2667,68.68,76,15,11.74,VU,1631358942
Webster,42.0501,-71.8801,53.8,91,0,4.25,US,1631358943
Lieto,60.5103,22.4618,66.02,89,90,2.3,FI,1631358944
Tougue,11.4667,-11.6,76.77,71,98,3.42,GN,1631358945
Itabira,-19.6192,-43.2269,73.42,54,84,2.86,BR,1631358945
Falmouth,50.1544,-5.0711,66.78,88,40,1.99,GB,1631358946
Loreto Aprutino,42.4292,13.9809,82.0,61,20,8.05,IT,1631358947
Souloulou,14.3157,7.4165,93.16,42,64,10.4,NE,1631358948
Tublay,16.5431,120.6096,67.8,98,100,2.95,PH,1631358948
Oak Park,41.885,-87.7845,66.9,76,20,3.0,US,1631358918
Progress,40.2851,-76.8314,57.72,89,1,1.99,US,1631358949
Casal Velino,40.1911,15.113,79.18,81,100,1.43,IT,1631358950
Nishinomiya,34.7167,135.3333,78.82,86,75,2.3,JP,1631358951
Otsego,45.2741,-93.5913,66.54,90,45,9.22,US,1631358952
Serang,-6.1149,106.1502,83.97,74,36,4.54,ID,1631358952
Ruskington,53.0454,-0.3869,72.55,61,75,16.11,GB,1631358954
Jarocin,51.9727,17.5026,64.08,54,9,8.97,PL,1631358954
Kashan,33.9831,51.4364,96.33,11,0,5.88,IR,1631358955
Jouy-en-Josas,48.7591,2.1697,70.52,64,75,11.5,FR,1631358956
Ban Tha Phra,16.3379,102.8029,86.29,74,75,3.44,TH,1631358957
Winsum,53.33,6.5208,68.02,31,100,14.18,NL,1631358958
Horsham,51.064,-0.3272,71.82,71,75,8.05,GB,1631358958
Pagudpud,18.5616,120.7868,78.82,92,100,20.24,PH,1631358959
Lye,47.2282,1.4733,68.67,77,90,2.3,FR,1631358960
Khasavyurt,43.25,46.5881,78.91,44,0,19.44,RU,1631358961
Triggiano,41.0667,16.926,79.75,58,0,4.0,IT,1631358962
Bridgewater,44.3835,-64.5155,59.72,87,18,10.0,CA,1631358962
Morris,40.8334,-74.5329,58.86,85,1,0.0,US,1631358783
Oakville,43.4501,-79.6829,64.85,85,100,8.41,CA,1631358794
Catarina,14.85,-92.0833,77.9,89,100,3.11,GT,1631358965
Ebensfeld,50.0664,10.9584,72.73,71,97,5.91,DE,1631358965
Teteles de Avila Castillo,19.8667,-97.4333,53.98,83,19,3.11,MX,1631358966
Cochituate,42.3209,-71.3642,56.44,86,1,1.01,US,1631358967
Lábrea,-7.2586,-64.7981,73.11,88,13,1.72,BR,1631358968
Oliveira do Bairro,40.5146,-8.4939,81.34,58,100,1.01,PT,1631358969
Heilbad Heiligenstadt,51.3833,10.1333,70.29,71,46,3.0,DE,1631358969
Guged,33.4756,50.3555,89.38,10,0,5.53,IR,1631358970
Sievi,63.9,24.5,56.41,96,100,4.61,FI,1631358971
Neugersdorf,50.9667,14.6167,68.32,68,99,6.69,DE,1631358972
Jūrmala,56.968,23.7704,73.85,68,0,5.75,LV,1631358972
Pedras de Fogo,-7.4019,-35.1164,79.43,67,98,11.54,BR,1631358973
Spiesen-Elversberg,49.3167,7.1333,68.99,76,40,1.99,DE,1631358974
Bālurghāt,25.2167,88.7667,88.38,67,94,0.49,IN,1631358975
Schrems,48.7833,15.0667,76.05,59,26,8.01,AT,1631358975
El Mirage,33.6131,-112.3246,88.65,49,20,1.99,US,1631358872
Ponta Porã,-22.5361,-55.7256,62.91,47,99,6.78,BR,1631358977
Oberá,-27.4871,-55.1199,52.47,89,20,2.53,AR,1631358977
Tabio,4.9173,-74.0936,51.4,96,100,2.15,CO,1631358978
Zumarraga,11.6388,124.8417,80.33,82,98,1.97,PH,1631358979
San Francisco,37.7749,-122.4194,62.47,90,20,4.0,US,1631358338
East Flat Rock,35.2801,-82.4221,58.33,97,0,2.48,US,1631358980
Tinoc,16.6755,120.9364,63.27,99,100,3.56,PH,1631358981
Carlentini,37.2696,15.0126,82.11,74,40,14.97,IT,1631358981
Prudente de Morais,-19.4819,-44.155,77.25,38,42,5.46,BR,1631358982
Bom Retiro do Sul,-29.6089,-51.9431,59.36,88,22,3.62,BR,1631358983
Jatibonico,21.9419,-79.17,71.92,93,54,5.23,CU,1631358984
Monte San Pietro,44.4378,11.1357,86.23,40,0,1.01,IT,1631358984
Rorschacherberg,47.4688,9.4946,75.02,73,20,5.75,CH,1631358985
Masantol,14.85,120.7,78.94,91,100,6.24,PH,1631358986
North Manchester,41.0006,-85.7686,64.54,86,68,10.71,US,1631358986
Ternovka,48.5193,36.0967,82.8,23,7,9.15,UA,1631358987
Heusenstamm,50.0667,8.8,71.65,74,40,11.5,DE,1631358988
Sovetskaya Gavan',48.9723,140.2878,54.9,92,99,13.94,RU,1631358989
Roodepoort,-26.1625,27.8725,76.3,32,0,1.01,ZA,1631358989
Castelfranco Emilia,44.5958,11.052,85.8,36,0,3.44,IT,1631358990
Palos de la Frontera,37.2346,-6.8947,81.18,50,37,9.53,ES,1631358991
Imbituba,-28.24,-48.6703,64.29,79,41,3.36,BR,1631358992
Kalgoorlie-Boulder,-30.75,121.4667,55.26,67,40,16.11,AU,1631358992
North Weeki Wachee,28.5501,-82.5589,77.14,87,1,3.44,US,1631358993
Huilong,31.8111,121.655,78.98,87,19,11.86,CN,1631358994
Chililabombwe,-12.3648,27.8229,80.6,23,1,9.24,ZM,1631358995
Ujjain,23.1833,75.7667,85.08,87,100,9.82,IN,1631358995
Remanzacco,46.0867,13.3244,83.61,44,34,1.99,IT,1631358996
Centerville,39.6284,-84.1594,59.43,90,1,8.05,US,1631358997
Meyreuil,43.4878,5.4957,83.91,44,0,1.99,FR,1631358998
Givet,50.138,4.8255,67.05,83,75,10.36,FR,1631358998
Podu Iloaiei,47.2167,27.2667,81.93,24,98,4.79,RO,1631358999
Lake Murray of Richland,34.1205,-81.2645,59.74,96,0,3.06,US,1631359000
Greenville,35.6127,-77.3663,58.98,94,1,0.0,US,1631359000
Runkel,50.4,8.1667,72.63,68,55,8.48,DE,1631359001
Montelepre,38.0904,13.1743,77.86,77,40,4.61,IT,1631359002
Kornwestheim,48.8616,9.1857,74.17,71,75,4.61,DE,1631359003
Lamu,-2.2717,40.902,84.42,66,29,16.75,KE,1631359003
New Albany,38.2856,-85.8241,61.57,90,20,1.01,US,1631358751
Mato Verde,-15.3972,-42.8664,76.6,39,10,6.08,BR,1631359005
Longwan,30.2332,112.7059,80.42,70,72,5.64,CN,1631359005
Pivijay,10.4617,-74.6162,78.89,95,100,7.96,CO,1631359006
Pangkalpinang,-2.1333,106.1333,82.09,74,93,7.11,ID,1631358741
Bleiswijk,52.0108,4.5319,68.16,86,75,8.05,NL,1631359008
Tell City,37.9514,-86.7678,66.85,97,90,5.75,US,1631358907
Sury-le-Comtal,45.5333,4.1667,73.6,60,40,5.75,FR,1631359009
Clanton,32.8387,-86.6294,65.88,94,0,5.32,US,1631359010
São Pedro da União,-21.1267,-46.6153,70.11,67,96,5.32,BR,1631359011
Comendador,18.8775,-71.7028,71.47,86,66,2.46,DO,1631359012
Camerota,40.0325,15.3728,67.03,76,100,3.76,IT,1631359013
Mayskiy,47.6931,40.1025,81.81,21,0,10.33,RU,1631359013
Welkom,-27.9864,26.7066,76.98,19,2,6.17,ZA,1631359014
Bragança,-1.0536,-46.7656,81.64,69,3,6.26,BR,1631358751
Mt. Pleasant,32.7941,-79.8626,68.99,97,1,3.0,US,1631359015
Lubeck,39.2354,-81.6312,51.58,86,27,2.75,US,1631359016
Certosa di Pavia,45.2542,9.1329,83.84,47,61,3.36,IT,1631359017
Terville,49.3471,6.138,71.96,72,81,5.01,FR,1631359017
Jianguang,28.1938,115.7836,81.9,75,46,6.24,CN,1631359018
Saint-Cannat,43.6167,5.3,82.35,54,0,8.05,FR,1631359019
Glassmanor,38.819,-76.9986,60.48,89,75,0.0,US,1631359019
Ketsch,49.3678,8.5311,72.81,70,75,5.75,DE,1631359020
Plato,9.7903,-74.7824,74.08,97,98,8.34,CO,1631359021
Estevan,49.1334,-102.9842,48.54,81,40,5.75,CA,1631359022
Seydi,39.4816,62.9137,82.87,8,0,12.46,TM,1631359022
Bagan,54.1001,77.6646,52.45,83,100,2.33,RU,1631359023
Maltahöhe,-24.8333,16.9833,87.67,16,0,16.11,NA,1631359024
El Rosario,24.2556,-107.1828,78.15,96,27,4.65,MX,1631359024
Thalgau,47.8333,13.25,70.65,68,40,4.61,AT,1631359025
Martins Ferry,40.0959,-80.7245,57.61,94,1,8.05,US,1631359026
Kangning,23.9757,108.821,84.76,64,57,1.61,CN,1631359027
Severn,39.1371,-76.6983,60.24,93,20,5.75,US,1631359012
Bafoussam,5.4737,10.4179,68.67,83,100,2.44,CM,1631359028
Vinces,-1.55,-79.7333,69.87,83,98,5.19,EC,1631359029
Rome,43.2128,-75.4557,56.41,95,1,0.0,US,1631359030
San Gimignano,43.4692,11.0427,87.57,28,56,3.0,IT,1631359030
Castelli,-25.9468,-60.6195,57.0,55,0,4.63,AR,1631359031
Bandio,11.6783,-3.2638,86.65,58,99,1.3,BF,1631359032
Khrestivka,46.4028,33.717,80.78,28,50,11.14,UA,1631359033
Nyack,41.0906,-73.9179,62.06,79,1,5.75,US,1631359033
Warsaw,52.2298,21.0118,76.86,46,0,1.01,PL,1631358753
Plainsboro,40.3334,-74.6004,61.81,96,1,0.0,US,1631359034
Jiaxing,30.7522,120.75,80.62,96,8,8.12,CN,1631359035
Galliera,44.7493,11.3937,86.18,40,100,4.07,IT,1631359036
Luanda,-8.8368,13.2343,75.94,73,61,8.93,AO,1631359037
Stafford,52.8052,-2.1164,70.38,42,100,9.95,GB,1631359037
Kulti,23.7333,86.85,85.24,64,79,10.45,IN,1631359038
Obernai,48.4631,7.481,76.57,83,75,3.44,FR,1631359039
Chu,43.5983,73.7614,80.01,20,0,7.65,KZ,1631359040
Sabino,-21.4597,-49.5783,73.83,47,54,8.75,BR,1631359041
Standerton,-26.9337,29.2415,78.62,9,1,3.4,ZA,1631359041
Lusambo,-4.9667,23.45,98.31,20,76,5.79,CD,1631359042
Santa Maria di Sala,45.5069,12.0297,82.9,51,96,2.91,IT,1631359043
Stakhanov,48.5682,38.6435,79.25,28,7,8.21,UA,1631359044
Floirac,44.8324,-0.5141,76.91,57,20,4.61,FR,1631359044
Gifford,27.6753,-80.4092,75.2,94,1,3.44,US,1631359045
Zarat,29.1049,52.8416,91.08,8,1,4.76,IR,1631359046
Canandaigua,42.8742,-77.288,58.33,93,100,7.29,US,1631358764
Serino,40.8548,14.8722,78.31,47,100,4.18,IT,1631359048
Kalocsa,46.5264,18.9858,84.06,20,6,4.0,HU,1631359048
Istmina,5.1605,-76.684,72.77,99,100,2.08,CO,1631359049
Großräschen,51.5833,14.0,72.3,78,88,8.9,DE,1631359050
Bowie,33.4501,-94.4335,64.99,85,0,4.27,US,1631359051
Pavlohrad,48.5167,35.8667,83.35,23,8,9.01,UA,1631358968
Villars,45.4712,4.3545,72.64,60,40,5.75,FR,1631359052
Daxincun,24.1224,102.808,67.57,73,0,3.18,CN,1631359054
Călăraşi,47.2544,28.3081,81.55,28,100,6.62,MD,1631359054
Chinsali,-10.5414,32.0816,76.28,33,26,9.62,ZM,1631359055
Salem,11.65,78.1667,89.31,51,95,5.61,IN,1631359036
Terras de Bouro Municipality,41.7269,-8.3407,72.86,43,97,3.22,PT,1631359056
Campbelltown,-34.0667,150.8167,70.72,37,0,5.39,AU,1631359057
Caiapônia,-16.9567,-51.8103,76.39,45,6,10.49,BR,1631359058
Polotitlán de la Ilustración,20.2167,-99.8167,50.52,93,69,3.83,MX,1631359058
Shaowu,27.3409,117.4831,79.09,87,48,3.38,CN,1631359059
Thornton,39.868,-104.9719,76.21,31,1,3.44,US,1631358930
Hügelsheim,48.8,8.1167,73.76,68,40,6.91,DE,1631359061
Barra dos Coqueiros,-10.9089,-37.0386,80.62,69,40,9.22,BR,1631359062
Lieksa,63.3167,30.0167,52.21,84,100,2.68,FI,1631359062
Puerto Baquerizo Moreno,-0.9,-89.6,68.7,85,82,13.18,EC,1631359063
Andijan,40.7821,72.3442,83.55,13,5,7.49,UZ,1631359064
Stupava,48.2747,17.0317,80.42,39,0,3.44,SK,1631359065
Wildeshausen,52.9,8.4333,68.11,88,56,13.38,DE,1631359066
Estaires,50.6457,2.7278,69.89,78,100,13.42,FR,1631359067
Saguday,16.5428,121.5638,75.18,96,100,2.84,PH,1631359067
Gulu,2.7746,32.299,79.5,60,38,2.19,UG,1631359068
Arzgir,45.3728,44.2206,79.09,30,51,14.38,RU,1631359069
